method,silhouette,davies_bouldin,intra_cluster_temp_variance
Spatial-Only,0.2899584846003057,1.133849915481482,10.898016983541787
Spatio-Temporal,0.2980781317088481,1.1164520200261046,10.50364563347921
