method,silhouette,davies_bouldin,intra_cluster_temp_variance
Spatial-Only,0.37366233539258287,0.8589739628867581,10.898016983541787
Spatio-Temporal,0.38455423865415106,0.841135015075574,10.586320404447598
