mse,mae,r2,n_nodes,max_depth_actual,model_size_kb,rmse,mismatch_rate,communication_reduction,threshold,n_samples
1.140917319031945,2.5911048448098226,-0.1091999821025047,509,8,19.8828125,5.389848107313362,0.6514498035325774,0.3485501964674226,1.0,729892
